{"cameraMode":{"drawMode":0,"name":"Shaded","section":"Shading Mode"},"sceneLighting":true,"audioPlay":false,"sceneViewState":{"showFog":true,"showMaterialUpdate":true,"showSkybox":true,"showFlares":true,"showImageEffects":true,"showParticleSystems":true},"in2DMode":false,"pivot":{"x":13.938154220581055,"y":-14.330815315246582,"z":21.99307632446289},"rotation":{"x":-0.27730780839920046,"y":-0.28090083599090578,"z":0.08515037596225739,"w":-0.9148730635643005},"size":25.377689361572267,"orthographic":false}